Index,sentence,post_title,subreddit,source
1,"Preferabil sa fie mai multi baieti,acuma doi cand m-am apucat de sala m-am lasat de gura fetelor, ca cica ma duc sa ma holbez la ele , cu toate ca stateam in coltul meu si imi faceam exercitiile in liniste, macar baietii mai treceau si imi mai corectau postura",Sala fitness,iasi,post
2,Partea buna e ca tocmai printre ei o sa iti fie cel mai bine daca te duce capul,Sala fitness,iasi,comment
3,Cea mai buna sala rÄƒmÃ¢ne aia care e mai aproape dar totuÈ™i dacÄƒ vrei sÄƒ Ã®ncerci alta uite ce am observat eu la unele sali la care am fost:,Sala fitness,iasi,comment
4,E o hala intr o stare nu tocmai buna si ai loc lejer sa iti faci treaba,Sala fitness,iasi,comment
5,Weider Gym cea mai buna sala,Sala fitness,iasi,comment
6,"Sint eu singurul care ar bea de bucurie dacÄƒ de mÃ®ine ar dispÄƒrea mizeria aia de echipÄƒ È™i cei 3-5 milioane de euro s-ar duce Ã®n ceva cu adevÄƒrat util oraÈ™ului, de exemplu protejarea fiecÄƒrui petec verde È™i adÄƒugarea de altele noi, piste de biciclete cum trebuie, È™coli/grÄƒdiniÈ›e renovate",Poli IaÈ™i È™i finanÈ›ele locale,iasi,post
7,Nici macar nu ar disparea si probabil starea echipei s-ar imbunatati considerabil daca ar renunta Primaria la aceasta,Poli IaÈ™i È™i finanÈ›ele locale,iasi,comment
8,"Voi priviti cum vreti acest lucru, insa din ce inteleg, un viitor primar corect nu are cum sa schimbe prea mult treaba, fara a schimba si o buna parte din sistem",Ca tot vin alegerile dau si eu 2 centi.,iasi,post
9,"Din fericire pentru TM, acolo au fost suficienti oameni in aparat care erau dezgustati de prostiile lui Robu&co, prostii si furturi mult mai mari si mai ostentative decat a facut Chirica la noi",Ca tot vin alegerile dau si eu 2 centi.,iasi,post
10,"Tot din fericire pentru TM, e faptul ca si oamenii erau suficient de dezgustati de administratia lor si chiar isi doreau suficient de multi sa scape de sistem",Ca tot vin alegerile dau si eu 2 centi.,iasi,post
11,"Iasi-ul a avut sansa asta in 2020 si a ratat-o, acum in 2024 lumea e mult mai linistita, multi o duc mai bine, de bine de rau ceva s-a mai facut in oras",Ca tot vin alegerile dau si eu 2 centi.,iasi,post
12,"Daca lumea ar intelege sa mearga la vot, sa isi exprima optiunea de vot, atunci cand ai 20..20..20..20..20 ii fortezi sa faca aliante sa lucreze impreunaâ€¦dar lumea nu e invatata cu sistemul democraticâ€¦nu inteleg repercursiunile neprezentarii la votâ€¦este irelevant ca un primar dintr-o localitate de 300k sa iasa cu 20..30%, si apoi vezi cetatenii, online  cu tot felul de nemultumiri..dar ei nu au fost in viata lor la vot, pe principiu nimic nu se schimba daca ma duc, nu si-au rupt din timpul lor liber sa faca o plangere la primarie, sau la alta institutie, pentru binele comunitatii",Ca tot vin alegerile dau si eu 2 centi.,iasi,comment
13,"Peisagistii din Iasi fac o treaba buna, estetic arata excelent tot ce s-a facut in ultimii ani (da, si eu vreau mai multi copaci vs copaci taiati si unele ghivece si decoratiuni de pe Stefan sunt cam kitsch)",CÃ¢nd vom avea Ã®n IaÈ™i un astfel de parc? Boc vs Chirica,iasi,comment
14,Pare ca nu are viata in el,CÃ¢nd vom avea Ã®n IaÈ™i un astfel de parc? Boc vs Chirica,iasi,comment
15,"Ulterior am fost chemati sa semnam contractele care aparent abia astazi 29/10/2024 erau gata, iar pe regulament scrie CLAR ca programul de liniste este 23:00-06:00, iar programul de studiu incepe la ora 20:00","Student la UMF, probleme camin ",iasi,post
16,Apoi cerea intuneric si liniste completa - nici castile sa nu fie tare,"Student la UMF, probleme camin ",iasi,comment
17,Din fericire in Iasi Lasconi a invins ðŸ’™,The goat! ,iasi,comment
18,"Insa, nu-s orele de liniste, nu e noaptea, si nu-s in oras",Muncitorii in constructii ai vecinului asculta muzica si radio in curte de la 9-18,iasi,post
19,Daca nu face gÄƒlÄƒgie in orele de liniste 22-08 iti cumperi casti,Muncitorii in constructii ai vecinului asculta muzica si radio in curte de la 9-18,iasi,comment
20,"Buna, as dori sa stiu daca exista cursuri de dans si in weekend la o scoala din Iasi",Cursuri dans weekend ,iasi,post
21,"Intre timp, ai vazut ca am mutat intrebarile/discutiile pe ""Chats"" [https://www.reddit.com/r/iasi/s/RIbpYdSJpx](https://www.reddit.com/r/iasi/s/RIbpYdSJpx)  
Cu timpul va deveni o solutie mai buna decat postari noi cu tag de intrebari","Regula 6, politica || flair: discutii/stiri politic || moderatori noi",iasi,post
22,Mai astept cu bucurie sa faci postari cu acest flair,"Regula 6, politica || flair: discutii/stiri politic || moderatori noi",iasi,post
23,Deje chirica È™i compania Ã®È™i freacÄƒ mÃ¢inile de bucurie,Peste 91 ha dintre cele 140 ha ale Fortus revin Ã®n proprietate publicÄƒ: ce vor face autoritÄƒÈ›ile ieÈ™ene cu acest activ? Â»,iasi,comment
24,O bucurie pentru grupurile care sparg seminÈ›e pe pietonal,Au fost reluate lucrÄƒrile pentru amenajarea parcului din faÈ›a Teatrului NaÈ›ional: contractul a fost Ã®ncÄƒ din august 2021 Â»,iasi,comment
